Index,Actual,Predicted,Probability
6929,0,0,0.0036516874710438296
6909,0,0,0.00035855447822915725
4396,0,0,0.00019213534290725117
5742,1,1,0.9995063938304871
4482,1,1,0.9989088179260426
5369,0,0,0.00041341896169038746
1696,1,0,0.440841523180876
5687,1,1,0.9988882690572675
8778,1,0,0.42741729927025
8209,0,0,0.002899327321176858
7551,0,0,0.0038847502955576176
667,1,1,0.9817553168206706
1622,0,0,0.0018533422777191066
7803,0,0,0.008450519480385608
5207,1,1,0.9974850808428376
7164,0,0,0.0009279135519127857
7144,0,1,0.5327756612258447
3191,0,0,0.005714562474158609
5353,1,1,0.9993607943631073
7989,1,1,0.9740190348814615
1987,0,0,0.01249853304360619
9191,0,0,0.004828727829676225
350,1,1,0.9718498848134025
73,0,0,0.005171662271865738
1384,0,0,0.00041341896169038746
248,0,0,0.0024597508390468955
3204,1,1,0.932228635737464
5719,1,1,0.9975471409779003
1685,0,0,0.006184171501140964
3656,0,0,0.00033749521275432766
5108,0,0,0.00020075949228301747
8420,1,1,0.9994464940216565
5615,0,0,0.00035692421669681934
4135,1,1,0.9921044150577376
2264,1,0,0.21473471473301023
842,0,0,0.00016262126132868815
2953,0,0,0.0003205730806927648
7455,1,1,0.9979028964872347
2741,0,0,0.00020075949228301747
392,1,1,0.9960614357652305
2129,0,0,0.00021733959335927265
2111,0,0,0.000294195786976209
4269,1,1,0.9996919901471846
3962,0,0,0.00020075949228301747
1644,1,1,0.9695940646695393
527,0,0,0.00020075949228301747
6545,0,0,0.002054007163477282
6204,1,1,0.977220167268806
8642,1,1,0.9739225064096992
6411,1,1,0.9990071118991317
3645,1,1,0.9984753758841525
6834,1,1,0.9966173828079119
8146,1,1,0.8941180179861893
3175,1,0,0.017520345875505956
475,1,1,0.9919681008870844
6759,0,0,0.01329732311732365
7790,0,0,0.0005026486809829267
2633,0,0,0.0002454838329937781
3592,0,0,0.005274969870364553
5745,0,0,0.0009380971285689022
6174,0,0,0.00019213534290725117
3021,1,1,0.9650680814835522
4161,0,0,0.00020646268522865195
4488,1,1,0.9995592106095841
4325,0,0,0.0002804276834579219
1667,1,1,0.9977158361510742
318,1,1,0.9994230123972935
8217,0,0,0.006420587372338652
412,0,0,0.000907780025386048
8343,0,1,0.999382499465777
5431,0,0,0.004434717457790422
3889,0,0,0.0047324136693743255
4580,1,1,0.9996705942870608
5340,0,1,0.6961394134431511
8283,0,0,0.004434717457790422
3311,0,0,0.0001900122087507014
2237,0,0,0.0002080705514521334
3687,1,1,0.996277304892825
7689,1,1,0.9608217794445975
2002,1,1,0.9977384592255879
7781,0,0,0.0014232823910354368
2333,1,1,0.9988063442552626
6784,1,1,0.9954638166219154
8451,1,1,0.998860767312737
5106,0,0,0.0003129311002084823
5665,0,0,0.00029717993044652626
1728,1,1,0.9968991772427348
8866,0,0,0.0006189052389042966
4455,0,0,0.00039003169037215695
4894,0,0,0.0004406804744649506
9120,0,0,0.08819457789852006
3712,0,1,0.9735337391679629
7201,0,0,0.0733449003363401
4838,1,1,0.9988882690572675
4725,0,0,0.0004851948029322482
8965,0,0,0.00026884134370539755
3101,0,1,0.9377361035203852
8498,0,0,0.0003263392478468004
7922,0,0,0.0002804276834579219
3941,0,0,0.0002804276834579219
5053,0,0,0.00020075949228301747
9176,1,1,0.9979130714707176
6735,0,0,0.00021004885146073707
1155,0,0,0.0003112940465981022
1642,1,1,0.9939804016889513
1059,0,0,0.06570688295848143
3315,1,1,0.9970940068181349
8698,0,0,0.0023533331239818816
6196,0,0,0.00020546825391187402
7695,0,0,0.12618259802527154
6327,0,0,0.0008643644201921099
6622,0,0,0.08819457789852006
8644,0,0,0.00040671456667796553
3069,1,1,0.9965738833847325
950,0,0,0.24667215911030912
5450,0,0,0.000535792437987882
38,0,0,0.006879864719091235
8672,0,0,0.0003925268311587375
1297,0,0,0.001405250343076116
8848,0,0,0.012217872059514735
3568,0,0,0.0010247327056863186
5162,0,0,0.03217527178949555
9067,1,1,0.8892768538069817
4267,0,0,0.023772047566333117
3419,0,0,0.00022701188778475047
1519,0,0,0.00020725406608298357
9073,0,0,0.017214730473942435
7562,0,0,0.0002804276834579219
9000,0,0,0.0008441261133150693
6132,0,0,0.00020075949228301747
4748,1,1,0.9883081970921347
1504,0,0,0.02079510134442654
7992,0,0,0.004850997507806738
1633,0,0,0.0016793772589288342
8874,1,1,0.9990581908109262
8956,0,0,0.01778684807773613
197,0,0,0.003998249721551994
6844,1,1,0.8454198226745973
6278,0,0,0.29907833740198253
2502,0,0,0.00022288691956089465
1568,1,1,0.9982057149231489
2939,0,0,0.0002168005193342216
2510,1,1,0.9939335944748514
4520,1,1,0.9988394351143983
5961,1,1,0.9988394351143983
3397,0,0,0.01888326046564923
6391,1,1,0.9948787931715984
7406,0,0,0.0004473159845481967
6210,0,0,0.0009342876325775068
8285,0,0,0.002761125314026195
3257,0,0,0.0001921480373584015
5264,0,0,0.00020075949228301747
6782,0,0,0.00040047607229457525
2753,0,0,0.013642250915860321
5770,0,0,0.004434717457790422
7710,0,0,0.08819457789852006
4929,1,1,0.9561123901400901
345,1,1,0.9913939143274736
2205,0,0,0.4314950541904067
1405,1,1,0.9982115909026321
4087,1,1,0.9960103649462231
6860,1,1,0.9994370936922252
2936,1,1,0.9901580629203521
3019,1,1,0.9989117461492184
6915,0,0,0.024668556015089094
5794,1,1,0.9994847519193181
6877,0,0,0.00021313711691980366
689,1,1,0.8098233765849774
6993,0,0,0.0013143913760422681
6172,1,1,0.997630399646464
482,1,1,0.9969304563316053
4091,1,1,0.9987713603110476
4878,1,1,0.998304683879816
3374,0,0,0.00041527255271712896
8175,1,1,0.9939392731776394
5283,0,0,0.014864957405871676
8150,1,1,0.9996253847795654
4872,1,1,0.985718943050116
3049,1,1,0.99868316471275
1734,0,0,0.000526230545950859
3857,0,0,0.0002685789231217799
3603,0,0,0.0003264795434719934
6443,0,0,0.002977200417230292
2933,1,1,0.9908846577639762
8718,0,0,0.010811596362490688
4676,1,1,0.9923310911609877
1359,1,1,0.9989037753551279
107,1,1,0.9934967897245054
8789,0,0,0.00020075949228301747
7567,0,0,0.0005129982884537058
8448,0,0,0.00019907336018210514
6337,0,0,0.007530534548398836
4003,1,1,0.9995287255662787
2262,0,0,0.00041462574459486754
9077,0,0,0.00034453557699986573
5154,1,1,0.9898036008742054
2081,1,1,0.9988394351143983
5764,0,0,0.00028307220853835975
6712,1,1,0.9961957660771075
6359,0,0,0.04747483137094827
1401,1,1,0.9907158466544472
7095,1,1,0.9991552337055645
2824,0,0,0.0003382651920758834
849,0,0,0.00029821545438319535
9134,1,1,0.994167688081007
2408,1,1,0.9896411340577383
5213,1,1,0.9967436284665668
7486,1,1,0.9922753250022371
4122,0,0,0.0019802457880265666
6692,0,0,0.03765105695901207
2244,1,1,0.9959502658278082
5695,1,1,0.9981220043276794
542,0,0,0.005893815783870164
6901,0,0,0.0010047818656496077
6639,0,0,0.0006189052389042966
7508,1,1,0.9971190705890205
6539,0,0,0.00032763999064721293
3352,0,0,0.00037738707305785656
8883,0,0,0.005514910103700863
5832,1,1,0.9829059015814964
8337,0,0,0.00020075949228301747
2692,1,1,0.9976326714743665
8469,0,0,0.0014784207592833426
6700,1,1,0.9880463126330665
1843,0,0,0.00033095255395640616
6417,0,0,0.00041289505331076963
3424,1,1,0.9982374318074322
164,1,1,0.9975693834227758
6588,0,0,0.00025657380723230944
7539,1,1,0.979196445063659
402,0,0,0.0006189052389042966
5410,0,0,0.015578901685970191
6194,0,0,0.00020075949228301747
5078,1,1,0.9953764196802337
8393,0,1,0.9740103973043758
5881,0,0,0.0011320360956715634
5601,0,0,0.00027531107130868257
4667,1,1,0.961671080548031
4030,1,1,0.9894965864586993
7954,0,0,0.0004365703019075999
4687,0,0,0.007847737224897715
7732,0,0,0.00026575103753832504
2597,0,0,0.0002804276834579219
7962,0,0,0.04876723593396941
9011,0,0,0.006186590471483314
1340,1,1,0.9515839260413237
6027,0,0,0.01174404631279184
2739,0,0,0.00020075949228301747
2049,1,1,0.9862503629019133
6964,0,0,0.01844543529601234
2040,0,0,0.0003584340654916308
2100,1,1,0.961671080548031
5422,0,0,0.0002804276834579219
3516,0,0,0.008553973002085484
5005,0,0,0.013618773475796299
8286,1,1,0.9977421590376484
641,0,0,0.00019246414367919066
8173,1,1,0.9963929474215746
5982,0,0,0.010269411261229945
3438,0,0,0.00045021558258065707
441,0,0,0.00048599929857621283
7524,0,0,0.00612487544637988
2775,0,0,0.0012914054629198958
780,1,1,0.9380239274545099
2910,0,0,0.025844804944964137
5992,1,1,0.9983300853458923
2729,1,1,0.9956629616498561
2282,0,0,0.0002559078771330456
579,0,0,0.02419853739720005
2545,0,0,0.00033153762699837723
7558,0,0,0.00024410053725082447
1305,1,1,0.9979541885507562
3394,0,0,0.0019113005584462772
3095,1,1,0.9995578989584728
60,0,0,0.0026715008176831875
2635,0,0,0.00023091519320737934
1369,1,1,0.9875791785451997
4649,0,0,0.02003810512013145
3188,0,1,0.9992249842450389
9162,1,1,0.999454208846345
7527,0,0,0.00020075949228301747
4639,0,0,0.00015520691542906251
4156,0,0,0.0013782045807216997
4439,0,0,0.0008419790769577615
2568,1,1,0.9958978723458483
7536,1,1,0.998553797654143
1615,1,1,0.9988394351143983
3585,0,0,0.0002804276834579219
4969,1,1,0.8784518615311564
5442,0,0,0.005817247408360028
1998,0,0,0.006499374435293453
76,1,1,0.9953310734698045
3168,1,1,0.9967466475758937
5387,0,0,0.023958549790494284
2367,1,1,0.9964673704386326
3882,0,0,0.0018277883569444361
8782,0,0,0.003901696358511409
5895,1,1,0.9971105865470157
3279,0,0,0.0002559078771330456
941,1,1,0.9986218858986826
7329,1,1,0.9979295636124332
2810,0,0,0.0005129982884537058
8364,0,0,0.0007993384573758898
3810,1,1,0.9960127525306431
915,0,0,0.00034682904744565157
4071,0,0,0.004158850198179364
7729,0,0,0.00020075949228301747
8770,0,0,0.0002559078771330456
550,0,0,0.026275672806988497
717,0,0,0.010421234324585263
7303,0,0,0.0006225434197045457
6802,0,0,0.00020075949228301747
405,1,1,0.9620838807283449
5586,1,1,0.9985750141750659
7541,0,0,0.00037010197871645034
3564,0,0,0.0036849973740846467
7952,1,1,0.9990014238095886
3002,0,0,0.007945179477566393
4321,0,0,0.0002804276834579219
1376,0,0,0.0037184590116534663
8009,0,0,0.006339127007880284
2305,1,1,0.9957544372194016
8411,1,1,0.9984665479283445
5155,0,0,0.03958153660577302
1577,1,1,0.9971124844620627
2929,0,0,0.0001774539005244375
5151,0,0,0.0002659750813923735
3465,1,1,0.9986218858986826
7074,0,0,0.005537092486344761
750,0,0,0.162117149156685
8248,1,1,0.9991089221905276
4341,1,1,0.973499692814136
566,0,0,0.0003535337484510912
2941,0,0,0.0002804276834579219
5619,0,0,0.010987665242486799
5036,1,1,0.9958118366770641
5526,1,1,0.9996705942870608
3360,1,1,0.9993847213660688
1491,0,0,0.0005557554449886101
5863,0,0,0.011760571419391616
8258,0,0,0.00041025982447044006
8601,1,1,0.9994782346176817
54,0,0,0.0005121007562592443
6908,0,0,0.0037575150999525817
6518,0,0,0.0187637448796448
7667,0,0,0.0002804276834579219
4103,0,0,0.0014774419095830854
7,0,0,0.00020075949228301747
1804,1,1,0.9974940924790368
8713,0,0,0.003967837337532784
5253,1,1,0.9986218858986826
1310,1,1,0.986983588698117
7442,0,0,0.003359427787748476
6237,0,0,0.0005038881077800189
2377,0,0,0.0005845546084053066
3879,0,0,0.0002685789231217799
3068,1,1,0.9981348968020324
675,1,1,0.9887584437265136
4406,1,1,0.9986218858986826
6742,0,0,0.006687038223128712
902,0,0,0.0943456925961335
7399,0,0,0.02571619525018092
4630,0,0,0.0012294705096246108
703,0,0,0.009321161457866366
7734,0,0,0.0012749489644085633
8591,1,1,0.9991526797848381
2255,0,0,0.0024597508390468955
7057,1,1,0.8395361890953993
254,1,1,0.9935942055346855
8037,0,0,0.0015958965861481704
4998,0,0,0.00020075949228301747
1691,0,0,0.07873802150356676
1360,1,1,0.999568039819636
6000,0,0,0.0004506495241316844
986,0,0,0.005514910103700863
3232,1,1,0.9986401712060636
911,0,0,0.020677372452726227
1852,0,0,0.0007572019220543003
6853,0,0,0.002426254454726951
1533,0,0,0.00019636420685196015
7327,1,1,0.9958388511274957
6444,0,0,0.008603785694113969
2174,0,0,0.07693517825442023
3316,0,0,0.0002870045053678388
5272,1,1,0.9976221288028857
2258,0,0,0.00021313711691980366
3208,0,0,0.00020075949228301747
4692,0,0,0.1541324353156535
5103,0,0,0.0002559078771330456
2976,1,1,0.9991734805849491
5514,0,0,0.0002989060982432818
7145,0,0,0.007620424827701415
7878,0,0,0.0037022263964776097
9156,0,0,0.004768872267795539
8991,0,0,0.00042715020897406267
825,0,0,0.00026279061124947887
7693,0,0,0.005874193304339675
7258,0,0,0.00020075949228301747
5178,0,0,0.02494220814873835
7159,1,1,0.9968193640516863
7933,0,0,0.00020075949228301747
6753,0,0,0.00026838209712312834
1253,0,0,0.0028698800351936544
3413,0,0,0.0002559078771330456
6564,0,0,0.007388305864840943
498,0,0,0.0002968899449728447
496,0,0,0.0002974983318036877
2338,1,1,0.9981220043276794
6631,1,1,0.9960452455153507
8376,0,0,0.00030082703075305715
4080,1,1,0.999502980756824
7834,0,0,0.0002628103274213088
1912,0,0,0.0024597508390468955
748,0,0,0.005812808370545956
4452,0,0,0.00040318031053494015
8096,1,1,0.998520815828726
4424,1,1,0.9806254626306006
8070,1,1,0.9965738833847325
204,1,1,0.998379443227772
453,0,0,0.0003451276624443399
2731,0,0,0.0019429178328419611
1296,1,1,0.9936806105033503
4194,1,1,0.9927295099815001
7310,0,0,0.00046098853867709415
3464,0,0,0.00016595651251528635
1070,1,1,0.9874110688765492
3102,0,0,0.0025930170441426565
1432,1,0,0.00324299732983509
8234,1,1,0.9448399196157297
5730,0,0,0.0009063968909606125
2113,0,1,0.9976653670092099
7294,0,0,0.00643197669520133
8503,0,0,0.05256401999424056
6408,1,1,0.9995778016048639
446,1,1,0.9994805898835196
4376,0,0,0.0004137572847688098
7719,1,1,0.9927004930004126
2516,0,0,0.00022701188778475047
6578,0,0,0.0005767282451502824
8497,0,0,0.026750159892110645
5457,0,0,0.0002804276834579219
3865,0,0,0.00020075949228301747
1084,0,0,0.00023091519320737934
3649,0,0,0.00485092414131859
1955,1,1,0.9962903174532011
7414,0,0,0.00026838209712312834
4637,0,0,0.0012375087211144535
2589,1,1,0.9978140696206795
670,0,0,0.0003801237416834504
8390,0,0,0.00020075949228301747
5610,0,0,0.0003483117663051196
6491,0,0,0.01437670997487031
4415,1,1,0.9959466280634832
2213,0,0,0.014235356728444986
7432,1,1,0.9883648520187212
6962,0,0,0.008450519480385608
2562,1,1,0.9982035951533571
3280,0,0,0.0002825850979078109
7079,0,0,0.001675343591754535
5267,0,0,0.0005727598511268072
8235,1,1,0.944188682384562
8486,0,0,0.008589316316339765
3416,1,1,0.9978827915826456
8099,1,1,0.9947809542599585
9040,1,1,0.9814559149537387
4876,0,0,0.00543508963168562
4544,0,0,0.0026092361058411076
2036,0,0,0.0009399153671875943
9200,0,0,0.006299830646751041
5133,0,0,0.008903687012959639
7259,1,1,0.9941415045139977
7587,0,0,0.01913745455113844
6164,0,0,0.00026838209712312834
2528,0,0,0.0006271549876235969
4132,1,1,0.998018894222275
2139,1,1,0.9985425227984418
2458,1,1,0.9997048542703518
7027,0,0,9.523476154089084e-05
4291,1,1,0.9921229572585346
231,0,0,0.003159939816897163
1914,0,0,0.15579987978923368
8652,0,0,0.00020075949228301747
5037,1,1,0.99554899420385
2989,1,1,0.9930344752681509
4614,1,1,0.9926359046583517
9236,0,0,0.006260426758147356
2795,0,0,0.0028030244135939927
7177,1,1,0.9993416531938153
222,0,0,0.008513038531288323
3379,0,0,0.00011036975567342505
5027,1,1,0.9984835306920303
2339,1,1,0.9874879224734876
241,0,0,0.00020075949228301747
761,0,0,0.0021471817567677944
3644,0,0,0.003200414159523481
2421,0,0,0.0002620256340316966
2511,0,0,0.00035268527615798015
1527,1,1,0.9889627341767533
5174,0,0,0.00014021435167258436
6750,0,0,0.00026838209712312834
4815,1,1,0.9972752907732192
4027,1,1,0.9978147832726599
2281,1,1,0.9315813539240912
8819,1,1,0.9978484760149983
4357,0,0,0.0002804276834579219
8198,0,0,0.01134694168329709
3523,0,0,0.0009061659627658114
3801,1,1,0.9892473652663906
3125,0,0,0.00020546825391187402
3573,0,0,0.017010258372259845
6816,1,1,0.9994117181463132
4373,0,0,0.00036650775560469504
4853,0,0,0.012352661472050787
1695,0,0,0.0606701689862662
7328,1,1,0.9581794566350584
6975,0,0,0.000731544120537297
4532,1,1,0.9866501036002818
5278,0,0,0.004434717457790422
4547,1,1,0.9818747644899583
2535,0,0,0.0013574193995925822
5894,0,0,0.0002804276834579219
8492,1,1,0.9985003240376408
7757,0,0,0.00280128481424827
1119,0,0,0.00020075949228301747
1545,0,0,0.0002804276834579219
3968,0,0,0.0002559078771330456
4653,1,1,0.9986218858986826
4743,1,1,0.9684563263198833
7386,0,0,0.004434717457790422
5454,0,0,0.0002804276834579219
3476,0,0,0.00032362730850468566
7387,1,1,0.9747784463372603
3886,0,0,0.0002804276834579219
3750,0,0,0.0002804276834579219
940,0,0,0.0050307196676530885
5765,0,0,0.008350550255220485
792,0,0,0.0002947617080459917
7124,0,0,0.0029936911421939998
4463,0,0,0.0006189052389042966
1364,1,1,0.9887219161551322
7787,0,0,0.0006861366585641177
3035,0,0,0.0003388699886784275
1223,1,1,0.991375625803028
2804,1,1,0.9992534848728492
1716,1,1,0.9980759886334766
8660,0,0,0.00020075949228301747
4879,1,1,0.9960957578060142
8646,1,1,0.9926341337988293
637,1,1,0.9964731779908608
5755,0,0,0.005782979012719235
3323,1,1,0.9338811676847263
4849,1,1,0.9904099807440693
6608,1,1,0.994315678809566
2977,1,1,0.9979655080735071
9172,1,1,0.9496593111937977
5379,1,1,0.9931830594381893
2907,1,1,0.9249518518784869
8355,0,0,0.0002502217178578552
148,0,0,0.013297653211082436
1081,0,0,0.03009107489261071
3567,0,0,0.008908126008137542
4394,0,0,0.020607250571928276
5376,1,1,0.9963874805784042
5310,0,0,0.015351328379618001
250,0,0,0.0025052211639478815
2996,0,0,0.004286588711411266
968,0,0,0.01622283044537505
11,1,1,0.9567138965362778
7771,0,0,0.0003373447049354044
5524,1,1,0.998468576668907
6290,1,1,0.9996560998876971
1953,1,1,0.9907454582876818
3604,0,0,0.00020075949228301747
5888,0,0,0.004063879324878791
3958,1,1,0.928009553195223
5142,1,1,0.9992316269662865
8116,0,0,0.00732846196304468
3893,1,1,0.9923057297063509
3920,0,0,0.0002378217837011947
9016,1,1,0.997917038157525
2007,0,0,0.00023768903322701204
898,0,0,0.022452910401873704
364,1,1,0.9936966147238373
4534,0,0,0.01837049216374068
7066,0,0,0.0008072595845040731
6697,1,1,0.9921183747587267
8758,0,0,0.001149750879322346
6261,0,0,0.005952533474206376
8787,1,1,0.9982349610744626
8905,0,0,0.0002870045053678388
1764,1,1,0.961671080548031
7652,1,1,0.9927004930004126
2702,0,0,0.015590938718422214
7662,0,0,0.004770446012328888
3441,1,1,0.961671080548031
5373,1,1,0.998537570889911
2425,0,0,0.00337565821834473
310,0,0,0.0003942678552923535
96,0,0,0.0033777584586989874
5501,0,0,0.0064854452214409665
3094,0,0,0.00020075949228301747
1870,0,0,0.0014475099355242577
2356,1,1,0.9119117239833417
3195,0,0,0.00042945211602301556
5294,0,0,0.0013785205738916055
2798,1,1,0.994388215428647
2226,1,1,0.9988394351143983
9195,0,0,0.0011587427872358491
3408,0,0,0.004434717457790422
1442,1,1,0.9970785433466884
444,0,0,0.00017328706934251488
7717,1,1,0.961671080548031
3303,0,0,0.0002804276834579219
1520,0,0,0.0007259097495226418
5640,0,0,0.0002804276834579219
5312,1,1,0.9996442779193201
5590,0,0,0.001618844043906342
5211,1,0,0.4018420326036852
8539,1,1,0.9971868694500369
8605,0,0,0.002151246732194276
7464,0,0,0.00101413760481164
746,0,1,0.9985205625391146
4868,1,1,0.9992379333560625
926,0,0,0.0007487831036067363
1468,1,1,0.9977434259003789
6312,0,0,0.006184171501140964
8600,0,0,0.001111910494537455
7821,0,0,0.022679579331421982
2220,0,0,0.0005372539925489958
215,1,1,0.9908222346672078
8276,1,1,0.928009553195223
7450,1,1,0.9985734793237883
6537,0,0,0.06634580858419502
8453,0,0,0.004434717457790422
3949,0,0,0.004434717457790422
1139,1,1,0.9675358687051209
1043,1,1,0.961671080548031
6669,0,0,0.0008240164394334951
6668,0,0,0.010244060438942324
1462,0,0,0.00027413010038284524
8505,1,1,0.9996068778942112
8419,1,1,0.925248140320376
6810,1,1,0.9335359356748112
8711,1,1,0.9978195078217474
7306,1,1,0.9988882690572675
4095,0,0,0.0003598151299674509
2506,0,0,0.00019276657405187069
6247,0,0,0.00035855447822915725
1786,1,1,0.9988394351143983
8566,1,1,0.9793724199614813
1241,0,0,0.0002804276834579219
3899,0,0,0.00020075949228301747
3090,1,1,0.9993801584332648
996,0,0,0.00020075949228301747
7722,1,1,0.9990814945937292
5088,0,0,0.002834438407926611
1551,0,0,0.011463093495429276
7575,0,0,0.00020075949228301747
6263,0,0,0.0014018201787360982
2194,0,0,0.006339127007880284
308,0,0,0.0005062355249700164
8328,0,0,0.00020075949228301747
8401,0,0,0.01566919992028527
2921,1,1,0.9975185499371808
2738,0,0,0.0003487555209073036
4318,1,1,0.9985280105823621
6080,0,0,0.22990092142949473
3923,1,1,0.9987059639563821
4689,0,0,0.0002549107812180275
5792,1,1,0.9965738833847325
417,0,0,0.01696355844085463
4384,0,0,0.0026149124368422855
4616,0,0,0.0005943605016860175
7705,0,0,0.003827493714963695
2912,1,1,0.9983026935394695
1276,0,0,0.0001980747638166812
4622,0,0,0.0016278707874546933
820,0,0,0.0024597508390468955
198,0,0,0.00020075949228301747
6413,0,1,0.6282929983625095
3185,1,1,0.996647771735465
7355,0,0,0.01252035782188126
391,0,0,0.004434717457790422
2276,0,0,0.0033495480468784854
730,0,0,0.00021004885146073707
6407,0,0,0.00026838209712312834
7565,1,1,0.9940163609310854
6307,0,0,0.0031990247511873337
6705,1,1,0.9976781135306968
4169,0,0,0.0003760904501524479
7161,0,0,0.01129116858358952
2212,0,0,0.005103844619642486
4527,0,0,0.026839585273215
2726,1,1,0.9981317460649541
7446,0,0,0.00020075949228301747
5733,0,0,0.0003034165929184722
5889,1,1,0.9982875077599862
223,1,1,0.9976287880219727
3432,1,1,0.961671080548031
4644,0,0,0.0011560206925060293
5987,0,0,0.00024513364207714403
5953,1,1,0.9988394351143983
1352,1,1,0.9961647755727938
8801,1,1,0.9982953453137204
5566,0,0,0.01690161794138513
7596,1,1,0.9786539618139063
3220,0,1,0.9937623382119171
329,0,0,0.0002722441766932536
4613,1,1,0.9971884638550403
3334,0,0,0.00039064456301851765
3392,0,0,0.00025198169949657847
6730,1,1,0.989277056561878
7801,0,0,0.0004973609859733062
2482,0,0,0.005375515956946358
5612,0,0,0.021580130451545648
1197,0,0,0.030878970960606746
5,0,0,0.00020075949228301747
8046,0,0,0.009202113497911097
3654,0,0,0.005542325560666932
1931,1,1,0.994388215428647
5344,0,0,0.00020075949228301747
8897,1,1,0.9993777728833864
6382,0,0,0.02751874412233886
6702,1,1,0.9989677156261481
495,0,0,0.0007025977727739974
1979,1,1,0.9984394631181063
4984,1,1,0.9986617592968818
6724,0,0,0.00023091519320737934
4442,1,1,0.9982250240482506
8242,1,1,0.9953289172808326
1918,0,0,0.0003620892926626238
5347,0,0,0.0005145020355401735
8138,0,0,0.012074783096216225
8530,0,0,0.00019118053745780954
1290,1,1,0.9996327851140754
2663,0,0,0.0021475007250633276
3383,0,0,0.0002524804694928824
1497,0,0,0.0015035553142361544
1900,1,1,0.9901435297810098
7408,1,1,0.9894760597006825
8118,1,1,0.9992534848728492
5878,0,0,0.0002804276834579219
2409,0,0,0.00021784292941615492
590,0,0,0.01124388917685671
1373,0,0,0.18436041156238883
8723,0,0,0.003917458789308559
2418,1,1,0.9937853058517366
1867,1,1,0.9976748854559515
611,1,1,0.9708324145047226
4522,0,0,0.0014997499176544918
3180,1,1,0.9991494466045783
2478,1,1,0.9996506144045944
6496,1,1,0.9986417369935885
9216,0,0,0.0030951511682509865
662,1,1,0.984852696650254
2927,0,0,0.00020075949228301747
743,0,0,0.004017334397968956
8023,1,1,0.9982360268143737
640,0,0,0.00033792959415673016
7480,1,1,0.928009553195223
3109,0,0,0.006119773258262921
1973,1,1,0.9957618934410408
8353,0,0,0.0002804276834579219
5564,0,0,0.0022579661286832586
777,1,1,0.9984242414758033
8781,0,0,0.004878870841449557
8433,0,1,0.9420086921514164
8021,1,1,0.9982721148954287
6711,1,1,0.9945408970081422
8141,0,0,0.0008643644201921099
1731,1,1,0.9892330550661521
414,0,0,0.004917343242637497
873,0,0,0.006010513455420894
1365,1,1,0.9963167129398293
2218,0,0,0.003199935333005369
7229,1,1,0.998940978716662
1207,0,0,0.0034762349353039475
8178,0,0,0.026898872062226197
580,1,1,0.995758353520817
8548,0,0,0.13786110618248187
2797,1,1,0.9986218858986826
7402,0,0,0.00026838209712312834
549,0,0,0.0001810105280165395
646,0,0,0.00021004885146073707
461,0,0,0.0002695559453561399
9141,0,0,0.00026511391043495104
1115,0,0,0.05529830298947723
4826,1,1,0.9986108168155525
1591,1,1,0.9967958361698129
4787,0,0,0.00042676246077138553
2900,1,1,0.6752139097178982
7086,0,0,0.004434717457790422
5532,0,0,0.025459652355464654
2849,0,0,0.0011038971707147168
7887,1,1,0.9933844113240435
6283,0,0,0.0007554249913814022
7824,0,0,0.000561733347585423
6068,0,0,0.2873358224050308
434,0,0,0.0032611074980534263
9083,0,0,0.0023706721876687086
6006,0,0,0.18147238150876882
2195,1,1,0.9915705307715311
2712,1,1,0.9894462014121833
2700,0,0,0.00020075949228301747
2811,0,0,0.00022117567346838522
5009,1,1,0.9908482972580205
8034,1,1,0.6317131412095162
6910,0,0,0.023198108426902425
4170,1,1,0.9971139702685238
470,1,1,0.9988179653544862
1362,0,0,0.00454710649154601
4738,1,1,0.9978952667292517
3829,1,1,0.9963305465541302
3409,0,0,0.00029550760395976894
853,1,1,0.9920907441179667
5603,1,1,0.9962268093623226
31,0,0,0.0010874303519221701
5611,1,1,0.9981623518728545
7065,0,0,0.03188679106719078
2191,1,1,0.9795115387327719
8514,1,1,0.9936206761126721
365,0,0,0.00015621300240593539
3302,0,0,0.0002841185706912819
1102,1,0,0.0037384071197206184
1608,0,0,0.010428557295747957
4317,1,1,0.9830215574729766
6253,0,0,0.00020390124055668258
6486,1,1,0.9980956756421766
1882,1,1,0.9992875996231162
217,0,0,0.028712482069682153
65,1,1,0.9356497973110025
6881,0,0,0.0003779942770173534
5256,0,0,0.022930711864491703
1993,0,0,0.00020075949228301747
526,0,0,0.025631098972407076
4137,1,1,0.9959466280634832
5776,0,0,0.0005973815856880249
5848,0,0,0.0008421030999254654
6078,0,0,0.0002804276834579219
4249,0,0,0.00027007908853596377
4298,0,0,0.0004408432007806559
67,1,1,0.9818747644899583
4119,1,1,0.9988394351143983
8636,0,0,0.001348556912846854
2815,0,0,0.0659088720450674
2812,0,0,0.08366280679510549
5494,0,0,0.004770446012328888
1461,0,0,0.006821385074280081
2046,0,0,0.0068039643062501156
5995,0,0,0.0002767579873779631
4923,1,1,0.9994906055313759
3953,1,1,0.9989262547158733
6422,1,1,0.9997048542703518
5836,1,1,0.9983804218556985
166,0,0,0.012574188958875809
3332,1,1,0.9963969382724969
1722,1,1,0.9958340585534512
7317,0,0,0.0007482962494535263
4444,1,1,0.9857995131360648
4704,0,0,0.0012914054629198958
2499,0,0,0.00020617621722518792
1368,1,1,0.9939073243783567
447,1,1,0.9997048542703518
847,0,0,0.0003136570746397267
4843,1,1,0.9988882690572675
9039,1,1,0.9988733077767123
5460,1,1,0.9585807158934558
8123,1,1,0.9986909472170037
3724,0,0,0.000516258549327414
5630,0,0,0.0002804276834579219
8007,0,0,0.0003279127923775059
722,1,1,0.9340975144443189
8763,1,1,0.998561054762732
3980,0,0,0.00036051203349667387
8688,0,0,0.00019119620772810263
2274,1,1,0.9764844739065143
6656,0,0,0.011318402639070139
693,1,1,0.9974527477119033
6379,1,1,0.9989127775305722
5324,1,1,0.9940174716254422
6680,0,0,0.0020991859800063217
2514,1,1,0.9956103261102244
2937,0,0,0.0006887684789261803
5070,0,0,0.004892987800707544
5172,0,0,0.10975910332249304
6088,1,1,0.9996839817498959
2263,0,0,0.00020075949228301747
1646,1,0,0.023324227111898962
4977,1,1,0.9989631484814302
701,0,0,0.00048295511648560163
4268,1,1,0.9941057471359939
6952,0,0,0.0016416359643843348
8865,1,1,0.9983802093557225
3261,1,1,0.5484522929288802
5656,1,1,0.9991601044157853
6737,1,1,0.9919464048194923
5729,1,1,0.998566622299285
6014,0,0,0.3230185708742544
7097,0,0,0.02890930438161019
8183,0,0,0.01134694168329709
3543,1,1,0.998778289035301
6037,1,1,0.9958632186789007
9003,1,1,0.9988394351143983
1021,1,1,0.9989827414925416
1612,1,1,0.9960601037262277
8167,0,0,0.0002804276834579219
8834,0,0,0.04110292748324407
2629,1,1,0.9734860796761217
7433,1,1,0.9825091515078336
247,0,0,0.008475213204182354
3904,0,0,0.0002353254478922018
6720,0,0,0.04783680504306923
5944,1,1,0.9981823188536895
7676,0,0,0.004434717457790422
1289,1,1,0.9219900449016932
8845,0,0,0.0019099509267579693
3824,1,1,0.9951057007439518
5585,1,1,0.9953777762242931
1,0,0,0.015419180096984854
6959,0,0,0.22562306164612758
7100,1,1,0.9990246541712334
5194,1,1,0.9913456590093385
5014,0,0,0.0001823850940262669
6227,0,0,0.00020075949228301747
6648,0,0,0.00046666225627680215
3642,1,1,0.9987290025815014
2721,0,0,0.0002947617080459917
7206,0,0,0.01794094988867082
8700,0,0,0.07423934756688282
3598,1,1,0.9939699974742304
4208,1,1,0.9991040192365697
6332,1,1,0.9994016435562847
6130,0,0,0.00020075949228301747
8843,0,0,0.3205720467046712
6604,0,0,0.00018877290648995659
1772,0,0,0.008651190639993823
7318,0,0,0.01631107567172286
2388,0,0,0.00022875806436700532
4563,0,0,0.01482595326970505
7523,1,1,0.961671080548031
5024,0,0,0.06296484097849779
2752,0,0,0.00028452645325646665
1363,0,0,0.00021004885146073707
2606,0,0,0.00044838904784330765
5245,0,0,0.00044145091911731624
7737,0,0,0.03788607986077102
8323,0,0,0.00020272931948367217
5791,1,1,0.9985750141750659
4645,1,1,0.9988230937470617
1160,0,0,0.02052941994068263
2646,0,0,0.004218402299133157
2200,0,0,0.02646003090378286
1096,0,0,0.0006648608998015781
4770,0,0,0.0003942678552923535
1584,0,0,0.26557816795501027
934,1,1,0.998537570889911
6570,1,1,0.993885054308871
7706,1,1,0.9981561930293865
5966,0,0,0.040064920464578775
2818,0,0,0.00031588986211071135
1838,0,0,0.015887916321418772
4162,0,0,0.0015489310849594196
160,1,1,0.9949049433842293
1997,0,0,0.00660241666136163
2016,1,1,0.9987318453409239
7963,1,1,0.99954562822301
4754,0,0,0.0059438137014911135
6888,0,0,0.006339127007880284
8697,0,0,0.010399166245518076
1027,1,1,0.9970326954376145
5535,0,0,0.06079280875724707
7314,1,1,0.9983113572073438
2005,1,1,0.9867467080761674
8570,1,1,0.9977802455711292
8417,0,0,0.00020075949228301747
6057,0,0,0.00020075949228301747
3390,1,1,0.9975922779612052
1800,1,1,0.9958966026224754
4163,1,1,0.9988394351143983
2170,0,0,0.00033618848897148474
8828,0,0,0.0015231238022278438
5016,1,1,0.9996705942870608
7639,0,0,0.0005235432354257758
6842,1,1,0.9931756022926915
5731,0,0,0.00026511391043495104
2413,0,0,0.012332139527514788
4824,0,0,0.00043982119168545523
2993,0,0,0.00176268426955513
7230,1,1,0.9949336407538127
4375,1,1,0.9988882690572675
3757,1,1,0.9877500791953119
8494,1,1,0.9992883201963219
1211,0,0,0.0003477359063735606
1465,0,0,0.00034610486116651404
8849,0,0,0.017451169161984376
5358,0,0,0.22562306164612758
1962,0,0,0.008206247190939056
4568,1,1,0.9932244912418507
4906,0,0,0.0002619183897416023
5649,1,1,0.9979382506300744
2732,0,0,0.0028488709553740345
5511,0,0,0.00038817578121255617
2497,1,1,0.9994475310052303
6176,0,0,0.08819457789852006
2175,0,0,0.0004954484158407648
6349,0,0,0.0002804276834579219
9149,1,1,0.9903259578176112
5322,1,1,0.9996705942870608
2395,0,0,0.04154357283646831
8779,0,0,0.007968199432677668
3012,1,1,0.9993803733796338
8001,0,0,0.005536793135808155
4659,0,0,0.00860169731238714
3277,0,0,0.0003379947700989168
503,0,0,0.00037117965827143223
8729,1,1,0.9845582833707622
8699,0,0,0.0009739182530133181
2844,1,1,0.9992842657589526
1600,0,0,0.05051027046463579
5488,0,0,0.030174112025080083
6007,0,0,0.0026622806711936197
4510,0,0,0.003151207296828887
362,0,0,0.0003379947700989168
4994,0,1,0.9673648268812188
3855,1,1,0.996522274279011
5831,0,0,0.0002804276834579219
583,0,0,0.0026252318825756133
5035,1,1,0.9973834344706399
1862,1,1,0.9943531182868038
7381,0,0,0.014723095612439332
2098,1,1,0.961671080548031
4345,0,0,0.0005062355249700164
4499,0,0,0.00101413760481164
7499,0,0,0.0009600102893742441
5204,0,0,0.0038409697861624737
7439,0,0,0.005040859188600853
8273,1,1,0.961671080548031
2521,1,1,0.98475980859633
8168,0,0,0.07246804146814814
1312,0,0,0.00020075949228301747
2801,0,0,0.0002804276834579219
7494,0,0,0.09185048798781814
1039,0,0,0.0027951641980399674
4366,0,0,0.00017841508756287394
1561,1,1,0.9738515171125052
4694,0,0,0.00020075949228301747
3061,0,0,0.00020075949228301747
4731,1,1,0.9561926647717256
1218,0,0,0.0043251942408141005
6550,1,1,0.9961548060113365
5548,1,1,0.9990194540838848
1835,0,0,0.0003205730806927648
8506,0,0,0.008815767859725437
5596,0,0,0.043623960326476426
4274,0,0,0.0002549107812180275
989,0,0,0.0003942678552923535
6159,0,0,0.001369764153602318
8083,1,1,0.977491185676416
1815,0,0,0.0005365878617609003
8066,0,0,0.06241862191851752
375,0,0,0.00041861363487783024
3900,1,1,0.998988903070327
738,1,1,0.9985162861430218
9182,0,0,0.03400424940909452
5599,1,1,0.9972108949855587
5440,0,0,0.0006541412468681272
3794,0,0,0.0003357127833157765
3407,1,1,0.9979887054153137
796,0,0,0.00021562272089747616
8665,0,0,0.013772264327784342
8135,0,0,0.000429126300910829
7249,1,1,0.9977112764857133
2140,1,1,0.996417431713141
1513,0,0,0.0020037594876063693
593,0,0,0.003952023747271517
8074,1,1,0.9850793543386357
665,0,0,0.0003555334984864227
2858,0,0,0.0004161215414553823
5867,0,0,0.0036537605937677483
4127,0,0,0.00020075949228301747
6691,0,0,0.04614659434007145
3322,0,0,0.008670631540387372
3944,1,1,0.9984590313731927
2827,1,1,0.9929827599002365
3981,1,1,0.9264018803244414
1670,0,0,0.0003066610260544369
3215,0,0,0.0002660391820968311
3295,0,0,0.00020759272478947552
6609,0,0,0.0062789654212324145
4959,0,0,0.03797288370909323
4387,1,1,0.940015624573069
9205,1,1,0.996891613164118
7169,0,0,0.0002804276834579219
1456,1,1,0.9987466183142755
5128,0,0,0.00644506367579295
8846,0,0,0.0009295101464187136
1051,1,1,0.9988189322897381
5330,1,1,0.9933383231411836
8795,0,0,0.0018110234107071995
2057,0,0,0.0003533460316194037
5407,0,0,0.0003451276624443399
2861,0,0,0.004938350575920879
5243,0,0,0.0010559617847327046
8563,0,0,0.002396905626981595
7231,1,0,0.42289677135033266
18,1,1,0.9676077066340725
2145,1,1,0.7507316866908119
2447,0,0,0.00033153762699837723
4220,0,0,0.005666941120940565
6401,0,0,0.014597646781502086
7694,0,0,0.0002804276834579219
3610,0,1,0.9854665154559041
6218,0,0,0.00567664939491637
3050,0,0,0.0011801106611256367
5188,0,0,0.0009214409057568294
607,1,1,0.9997584923258692
5608,0,0,0.002363884905337187
1560,1,1,0.9917057948853663
4775,1,1,0.9985750141750659
3990,0,0,0.0003499508272164468
4944,1,0,0.31596624169369836
6586,1,1,0.9983743185659739
6559,1,1,0.9991907642084069
1303,0,0,0.0022853209418443703
6400,0,0,0.0002559078771330456
8675,0,0,0.00017599909886646125
6232,0,0,0.0021600787914555896
5618,0,0,0.013609370303417096
8287,0,0,0.00020075949228301747
8670,0,0,0.0002804276834579219
3928,0,0,0.0021258765222708195
7048,1,1,0.9976653670092099
1294,1,1,0.9988394351143983
694,0,0,0.03757073321367364
1564,1,1,0.9990468996932964
3751,1,1,0.9975972417368277
1859,1,1,0.9986218858986826
6757,1,1,0.9988394351143983
2952,1,1,0.9863114312243064
855,1,1,0.994473854827418
4490,0,0,0.00020075949228301747
9203,1,1,0.9977563805356541
83,0,0,0.00020075949228301747
4421,1,1,0.9981108222216472
8072,1,1,0.9986801910662056
5386,1,1,0.9965365811948376
3084,0,0,0.04621201377297089
2924,1,1,0.9979552016721313
4192,0,0,0.00704039282438524
7940,0,0,0.009602238639698375
4669,0,0,0.00020963349272816443
1431,0,0,0.00295291385676097
8022,0,0,0.0010349494746376912
1328,0,0,0.0002804276834579219
5943,0,0,0.0003584578062728904
810,1,1,0.9874879224734876
5391,1,1,0.9983384816705345
1412,0,0,0.000283178983650413
8569,0,0,0.011142034609373654
4279,0,0,0.0002804276834579219
2252,1,1,0.961671080548031
1017,0,0,0.00019766014451136343
3299,1,1,0.998778289035301
6095,1,1,0.7085087505717491
4519,0,0,0.008903687012959639
8005,0,0,0.0006762028969273211
4829,0,0,0.00020963349272816443
3018,0,0,0.0003799814656023335
7519,0,0,0.008406731230098089
8955,0,0,0.000257005122050571
1103,1,1,0.993441226498709
2352,0,0,0.00020075949228301747
8219,1,1,0.9958888473621302
1345,1,1,0.9980293691923372
2826,1,1,0.9403160187843147
6765,0,0,0.003832392804485808
4077,0,0,0.02732488780160492
1877,1,1,0.8431570210830892
1281,1,1,0.987802221931947
1264,1,1,0.9985797627720555
6717,0,0,0.00030678642765667356
975,1,1,0.9874461722334743
5749,0,0,0.000264946025568204
2756,1,1,0.9988394351143983
9158,1,1,0.9972638227834001
5803,1,1,0.99840793457013
6558,1,1,0.9887219161551322
1854,0,0,0.0003985172700715441
8103,1,1,0.9967118285175282
5157,0,0,0.002300722143595685
4316,1,1,0.9986393984067088
3148,0,0,0.00020075949228301747
4890,1,1,0.9643059433550297
8817,1,1,0.996894883786588
319,1,1,0.9939424332774306
6243,1,1,0.996892238472395
1014,0,0,0.016499152577115962
7347,1,1,0.9953467774489433
196,0,0,0.0033972666150409994
3013,0,0,0.00030009671534135865
5031,0,0,0.007774346823467627
8377,0,0,0.001948924785022824
8604,0,0,0.04977933506948349
5824,1,1,0.9960957578060142
4016,1,1,0.9982211116273046
9058,0,0,0.0005162712079206553
745,0,0,0.0002992707702246852
5860,1,1,0.9940639615837469
6713,0,0,0.00017964556722621205
7616,0,0,0.0002804276834579219
5366,0,0,0.020558889792150994
2104,1,1,0.961671080548031
888,0,1,0.9206990254695936
4141,1,1,0.9988394351143983
8976,0,0,0.004278764786469946
9089,1,1,0.9996705942870608
3111,0,0,0.00020075949228301747
8648,1,1,0.9979687767751529
4789,1,1,0.9797218896027973
1655,1,1,0.9973977414104305
8859,1,1,0.9995966764632896
5506,1,1,0.994388215428647
7139,0,0,0.037862327049237816
5050,1,1,0.9980118230063356
4168,1,1,0.9976898780767408
5880,0,0,0.0002804276834579219
8751,0,0,0.02632629600112628
1254,1,1,0.9991579593434783
8951,0,0,0.00819668781189955
3112,0,0,0.008942687229673073
3294,0,0,0.0005316610216795686
6390,0,0,0.0013348103719338204
3952,1,1,0.9975262044552226
4410,0,0,0.0022977107925105165
1530,0,0,0.018384621126085864
252,0,0,0.0029073051553211832
1390,1,1,0.9957817750492717
6820,0,0,0.004805949693310799
7150,1,1,0.9960868205248002
4675,1,1,0.9997048542703518
6310,1,1,0.9994616278292903
2199,1,1,0.980379083543017
2176,0,0,0.003006854719877906
5032,1,0,0.08710792017064871
977,1,0,0.36411084665699683
4278,1,1,0.9886421602316944
1688,0,0,0.002170537918435342
2087,1,1,0.9931271683219098
7547,1,1,0.999715000141645
2556,1,1,0.9960380192461145
6145,0,0,0.00019114384468477176
6251,1,1,0.961671080548031
4450,1,1,0.9916450720978222
4,1,1,0.9630716352727864
5518,0,0,0.0003590294318350106
7953,1,1,0.9963324275766912
8166,0,0,0.005165705704399509
7862,0,0,0.019572984555303114
812,0,0,0.0019951261709159544
2143,0,0,0.00011327692640199826
4557,0,0,0.04062624883069636
3351,0,0,0.009689616308396619
1478,0,0,0.022879856992893167
3693,1,1,0.9995354748742405
2307,1,1,0.9991055505750251
4491,0,0,0.00101413760481164
7490,1,1,0.9968913682903263
2943,1,1,0.9982508149837357
4940,1,1,0.9994144717098136
687,0,0,0.00020208650089763194
4379,1,1,0.9993143627971193
3402,0,0,0.0002804276834579219
5297,0,0,0.00020075949228301747
8844,1,0,0.005095920669992
973,1,1,0.9983042552666821
2361,1,1,0.9913725032843133
8111,1,1,0.9865206804425661
6665,1,1,0.9951032501268235
88,1,1,0.9982121476457914
8157,0,0,0.0002804276834579219
5834,0,0,0.0004060800354976929
1599,0,0,0.0186003128976819
369,1,1,0.7737072732990412
2004,1,1,0.9958091528270465
1315,0,0,0.0019693253568296874
1522,1,1,0.9916236967207411
9106,0,0,0.00039187254378736456
3872,0,1,0.5564407000245041
2350,0,0,0.002111502645469393
543,0,0,0.02185541487801064
442,0,0,0.0009764063243235127
1220,0,0,0.00017213142869510145
6388,0,0,0.0002804276834579219
3481,0,0,0.0003030111220088429
4700,1,1,0.9969954476474131
1499,0,0,0.0005947641228040881
1812,1,1,0.9994761672411344
3490,0,0,0.009591838394685474
914,1,1,0.5651051399109741
7666,0,0,0.13089544069213516
8783,0,0,0.00022660397244204342
8657,0,0,0.0016637956158614174
9128,0,0,0.00017624935988753905
7309,0,0,0.0002688803431074256
2945,0,0,0.0002991971037338283
3930,0,0,0.00800005160358858
6571,0,0,0.0005678837391050192
3184,0,0,0.0002685789231217799
8620,1,1,0.9937253647708656
4559,1,1,0.9995270994931033
5081,0,0,0.0002804276834579219
4085,0,0,0.00023251952502901849
4247,0,0,0.00017160279223772863
764,1,1,0.8956975914858452
3723,1,1,0.9965738833847325
1116,1,1,0.9990602127413201
7812,1,1,0.9958406968609415
3638,0,0,0.00020075949228301747
8990,0,0,0.006014833576243283
1553,1,1,0.9955940203475836
7606,1,1,0.9986218858986826
7798,0,0,0.022270665016909642
5873,0,0,0.0024597508390468955
3970,0,0,0.00041341896169038746
8800,0,0,0.0028006956612424785
3589,1,1,0.991947148347265
8480,0,0,0.004720221392372604
4117,0,0,0.00020075949228301747
185,0,0,0.042780071264438016
6224,0,0,0.007773517321261643
8799,0,0,0.0003406663808237121
1488,1,1,0.9905995246068584
2109,1,1,0.9968135817797322
1161,0,0,0.004429608637765158
8399,1,1,0.9800716619045141
7868,0,0,0.0023665082625015203
4661,0,0,0.0002804276834579219
4372,0,0,0.010360048532191158
5751,1,1,0.996522274279011
5068,1,1,0.9974327874425445
7956,0,0,0.0002804276834579219
5110,0,0,0.005618179053605882
8344,0,0,0.00020075949228301747
5931,1,1,0.9995479587779754
6819,1,1,0.9980293691923372
1999,0,0,0.0024597508390468955
4234,0,0,0.0006195694254335169
7914,1,1,0.9995291845776356
7401,0,0,0.0002738184202800547
5726,0,0,0.0002804276834579219
3957,1,1,0.9991571196690898
2368,1,0,0.29317401013602296
4253,1,1,0.9994273654875233
477,0,0,0.00010114914695937116
3431,0,0,0.0004362979165247495
6239,0,0,0.00026838209712312834
199,0,0,0.00020075949228301747
4709,0,0,0.056255801860775834
9160,1,1,0.9986780267018037
8408,1,1,0.9982360268143737
1611,1,1,0.6351771624667953
1062,0,0,0.0034929730927538913
2365,0,0,0.006328129079863734
4086,1,1,0.9431046999379608
9131,0,0,0.005285587782025461
2728,0,0,0.00029717993044652626
4471,0,0,0.0003584578062728904
1020,1,1,0.993705127601593
4160,0,0,0.006184171501140964
3151,1,1,0.9960957578060142
7646,0,1,0.5582229634219331
1601,0,0,0.00022701188778475047
5877,0,0,0.13089544069213516
58,0,0,0.011084558437370938
846,1,1,0.940015624573069
6071,0,0,0.0007303844913348266
4528,1,1,0.994176371733099
1681,0,0,0.0002804276834579219
3636,0,0,0.0006944983711744742
340,0,0,0.0004136576244458437
1876,0,0,0.00020963349272816443
4222,0,0,0.0003264795434719934
1429,0,0,0.0004072744335271928
8383,0,0,0.0002804276834579219
7543,0,0,0.0025039016091546896
5421,0,0,0.00035904614322630155
2207,0,0,0.0002804276834579219
763,0,0,0.004952892512465158
4691,0,0,0.0002804276834579219
4974,1,1,0.9945987350026583
5839,1,1,0.9967118285175282
7740,0,0,0.0004078070008791352
784,1,1,0.9978291148720101
7326,1,1,0.9919920959690633
7758,0,0,0.007115066688848683
2500,1,1,0.9937804799945142
5179,1,1,0.9972308866282529
6317,0,0,0.00020075949228301747
6979,1,1,0.961671080548031
4882,1,1,0.9923445754334532
3998,1,1,0.9985757892074024
2918,1,1,0.9973106769535033
4360,1,1,0.9991055505750251
4329,1,1,0.9982889474714228
1760,0,0,0.0003185071456408122
6124,1,1,0.9986218858986826
7017,0,0,0.0002804276834579219
4558,0,0,0.003241783155157772
4714,0,0,0.00101413760481164
39,1,1,0.9849596822964316
5546,0,0,0.0005077769960802601
395,0,0,0.0002804276834579219
454,1,1,0.9549178361216072
6751,1,1,0.9977172031616319
8517,0,0,0.00020075949228301747
4724,1,1,0.9902441043251294
7617,0,0,0.00020075949228301747
8387,0,0,0.034649528688504315
807,1,1,0.9958170679130122
5416,0,0,0.015946212725607024
3450,0,0,0.0002968899449728447
4060,0,0,0.006341499319968601
5051,1,1,0.9955803308829179
1484,0,0,0.046728684904285944
6241,0,0,0.0002804276834579219
4939,0,0,0.0015812966970707074
1282,0,0,0.004501298944915893
8395,1,1,0.9865828453113814
2162,1,1,0.9973977414104305
6740,1,1,0.9951942319045962
2309,0,0,0.00038022625447135436
2219,0,0,0.4314156066245733
5238,0,0,0.020782433849576495
6997,1,1,0.9988394351143983
8013,0,0,0.0002784931865897292
5409,1,1,0.994388215428647
2586,0,0,0.00020075949228301747
5504,0,0,0.014031155856429384
967,1,1,0.9994358696556414
4148,0,0,0.08995088937393715
4255,0,0,0.0003533460316194037
2582,0,0,0.0015517734474462801
8791,1,1,0.9857890196874824
3804,0,0,0.00020075949228301747
4608,1,1,0.9915422242330751
4588,0,0,0.0002804276834579219
3028,1,1,0.9991625011808997
6533,0,0,0.0002804276834579219
8061,1,1,0.990600255106785
3909,1,1,0.9987523918489633
7208,1,1,0.9786539618139063
183,0,0,0.001974990837750656
6529,1,1,0.9991326782588926
3000,0,0,0.00028184923802280923
5583,0,0,0.0033605193134280493
2490,1,1,0.994213485779948
2160,1,1,0.9974074258818447
3742,0,0,0.0002804276834579219
7830,0,0,0.0008221101055621669
4595,0,0,0.04300133213841066
418,0,0,0.004061889849071272
8102,0,0,0.006162303896411803
9102,0,0,0.006695890563063051
4320,1,1,0.9980562792651535
6238,1,1,0.9817553168206706
1131,0,0,0.0001376158465090746
6374,0,0,0.00020075949228301747
9101,0,0,0.00020075949228301747
4970,0,0,0.012126066468544326
5023,0,0,0.00022690949753464404
575,0,0,0.005995465484613554
8924,0,0,0.005691545569144891
2257,0,0,0.000723721130004573
2994,1,1,0.9975825501422579
3406,1,1,0.9997048542703518
8841,1,1,0.9985709731752698
6225,0,0,0.000804604984904657
455,0,0,0.0002559078771330456
2003,0,0,0.006710838540163998
8154,0,0,0.00025272650428209654
2412,0,0,0.022134505126011533
8272,0,0,0.012479041268443779
2491,0,0,0.0004282888733607934
6468,0,0,0.002204016943551199
559,0,0,0.0002549107812180275
5424,0,0,0.0034526733618350032
75,1,1,0.9767493270376874
2452,0,1,0.5963413625036975
6987,0,0,0.0029123880094572316
867,0,0,0.00020963349272816443
8623,1,1,0.9996284488554951
6766,0,0,0.0034327856690253185
3120,1,1,0.9980429644982609
7045,1,1,0.9997048542703518
2998,0,0,0.00028502761813627706
5500,0,0,0.00020849947365636216
1613,0,0,0.0021631965664405846
881,0,0,0.008896968166661206
7664,1,1,0.9996306439341024
9030,1,1,0.9988733077767123
1596,0,0,0.001235577587374105
7556,1,1,0.9994218135455935
3187,1,1,0.9992322974257274
195,1,1,0.6352944187941136
4601,0,0,0.011005764966545248
7491,0,0,0.00020546825391187402
5930,0,0,0.009803692573862332
572,1,1,0.9957290654717612
7829,1,1,0.9899411432680745
7398,0,0,0.000536983584655968
7791,1,1,0.9994002100526753
6796,0,0,0.00101413760481164
2442,0,0,0.1868359498683574
9213,0,0,0.00038380897414710117
5648,0,0,0.0002992231734453802
4631,0,0,0.007401621626073005
6513,1,1,0.9932072890402316
1044,0,0,0.0005275433470736159
5161,0,0,0.0074103970286049
4507,0,0,0.0003262624483872031
2270,1,1,0.961671080548031
8277,1,1,0.9992822126434832
3565,0,0,0.00813233519518854
2802,0,0,0.00026575103753832504
7062,0,0,0.0013047493377955893
4273,0,0,0.00047366670394048736
3340,0,0,0.014307918328664748
5218,0,0,0.030726438403030083
4820,0,1,0.9864526132969808
5624,0,0,0.005677959253303507
5010,1,1,0.9972077361273618
4991,0,0,0.09814275638705729
1175,0,0,0.07165905003848211
5121,0,0,0.023466796617153906
6076,0,0,0.0009381811909518805
290,0,0,0.00020075949228301747
5173,1,1,0.9972927390924476
5760,0,0,0.003208300629839482
2944,1,1,0.9988394351143983
1388,1,1,0.9905215172647323
6968,1,1,0.9963096570951969
4745,0,0,0.0002024208777679869
7312,0,0,0.008903687012959639
6849,0,0,0.00020075949228301747
1984,0,0,0.0002575645008253398
1941,0,0,0.006675902103551911
7356,1,1,0.984852696650254
6830,0,1,0.956964820256951
2072,0,0,0.00020075949228301747
5938,1,1,0.961671080548031
3015,1,1,0.998764230803084
8197,1,1,0.8158745931035052
227,0,0,0.016135423539077327
5485,0,0,0.00032499734764591525
6494,0,0,0.001280310153854071
5039,0,0,0.0013417000115460238
6109,0,0,0.0002804276834579219
1288,0,0,0.00039003169037215695
7390,0,0,0.0002804276834579219
6683,1,1,0.9915920304117599
5109,0,0,0.03481352459461305
5957,0,0,0.0004901486616668189
2634,1,1,0.9928873347616536
919,0,0,0.05755668589244184
4655,1,1,0.9993771789910557
2591,0,0,0.00036494226143139047
5335,0,0,0.03826665086251094
7742,1,1,0.9926447409519465
5679,0,0,0.0485214015190071
589,0,0,0.0016030841029243512
103,0,0,0.0030886640754310053
9233,1,1,0.9995687312450102
1400,0,0,0.005799098044700233
2779,0,0,0.0001454726696918257
781,0,0,0.00010216415701162724
605,0,0,0.008641227578675742
4245,1,1,0.9976653670092099
1662,0,0,0.032664272629449036
6864,0,0,0.0009097301992341509
5654,0,1,0.6484660273319818
1375,0,0,0.002449908494182679
2627,1,1,0.9988394351143983
4036,1,1,0.961671080548031
1541,0,0,0.00020075949228301747
8409,1,1,0.9896256824757445
1690,0,0,0.00020075949228301747
1480,0,0,0.005514910103700863
1076,0,0,0.0010488544229834134
1457,0,0,0.0034327856690253185
5029,0,0,0.2158363591582866
3067,0,0,0.00780766228083216
7141,0,0,0.0024597508390468955
716,0,0,0.00022444507185069237
4617,0,0,0.00019213534290725117
4799,1,1,0.998815871926259
8243,1,1,0.9984835306920303
7784,1,1,0.9989288559148529
5113,0,0,0.004887107951579577
3433,0,0,0.00020075949228301747
6097,0,0,0.00020075949228301747
4549,1,1,0.997261592059394
1204,0,0,0.00020075949228301747
8414,0,0,0.00047860552828301494
4886,0,0,0.00101413760481164
8165,0,0,0.00020075949228301747
4756,0,0,0.0007483833624380252
9184,0,1,0.961512341762192
2843,0,0,0.10968426775230752
4434,0,0,0.0002502217178578552
3619,1,1,0.994388215428647
4967,0,0,0.0016895484424558225
2512,1,1,0.9988304842851641
213,1,1,0.928009553195223
829,1,1,0.9944853598499432
1063,1,1,0.9612288557790465
106,0,0,0.003795292750834082
5000,1,1,0.9930893674650708
7762,0,0,0.0006648608998015781
4573,1,1,0.9971120576487555
389,0,0,0.00038022625447135436
5871,0,0,0.15522940534696203
1544,0,0,0.00037702497609889285
1566,1,1,0.9990201485088585
7601,0,0,0.006614667004937422
5677,0,0,0.02627267318020454
3456,1,1,0.9981421121686842
623,1,1,0.9836816735797727
7488,0,0,0.00016567727158911633
2336,1,1,0.961671080548031
155,0,0,0.0008420220496179404
624,0,0,0.00033615832423508374
8634,0,0,0.00030007768147252337
3710,1,1,0.9979580545987092
291,0,0,0.00037988870194090963
260,1,1,0.9967118285175282
3249,1,1,0.9975321871557706
1660,0,0,0.04533986957703531
1825,0,0,0.0014947106697441603
4428,1,1,0.9996627305263736
2883,0,0,0.015195489126643898
8049,0,0,0.03268288424963795
1380,1,1,0.9986673259080098
5909,0,0,0.00042676246077138553
7221,0,0,0.0040764263151531486
6004,0,0,0.0208636644896167
2716,0,0,0.0004476516447240243
3268,1,1,0.9988882690572675
6956,0,0,0.0015191057076775851
9104,1,1,0.9995028574325985
2483,1,1,0.9995956785098948
7203,0,0,0.002970871148734584
421,0,0,0.0032915320700844662
5641,1,1,0.9997048542703518
8369,0,0,0.005445947131443201
4228,0,0,0.00020075949228301747
9223,0,0,0.005710541807631176
2761,0,0,0.00020075949228301747
3100,0,0,0.0005353849703602176
6706,0,0,0.0026245665895621886
1430,0,0,0.021703742965416092
1617,1,1,0.9997544265179721
8106,1,1,0.9985933503442271
6715,0,0,0.002978731556436026
6919,0,0,0.009071579035980805
5550,0,0,0.00020075949228301747
7846,1,0,0.13535782929340956
4125,1,1,0.9978938551838933
726,0,0,0.0003261958742206584
8097,0,0,0.008628020783867646
6343,1,1,0.9901183181833894
7756,0,0,0.025105608200388995
151,1,1,0.9963504786670588
7120,1,1,0.9818747644899583
8335,1,1,0.7261205257796602
348,1,1,0.8129457350562553
5782,0,0,0.00022875806436700532
3309,0,0,0.006806336048994937
9143,0,0,0.002943873843972637
1426,0,0,0.00020075949228301747
7723,0,0,0.004815183268989098
1441,0,0,0.01590004265640643
2855,0,0,0.13242481671019618
6577,0,0,0.012414392671930207
9009,0,0,0.0005743443581354299
819,1,1,0.9992457447934452
7298,1,1,0.9983968657773388
9046,1,1,0.9986083730534742
4181,1,1,0.9949808538880501
6381,1,1,0.9995042239025834
1652,1,1,0.9906255226339752
4778,0,0,0.012235052716878764
955,0,0,0.0006562902485882641
1347,1,1,0.961671080548031
1829,1,1,0.9982339810905153
8584,0,0,0.0014842285131286411
6462,0,0,0.008984466979787858
1136,0,0,0.025142742783236204
1937,0,0,0.0009214409057568294
782,1,1,0.9814559149537387
8229,1,1,0.9983523996456531
9152,1,1,0.9990974391679747
4260,0,0,0.032349993464016465
4565,0,0,0.00021004885146073707
4351,0,0,0.0008643644201921099
2746,1,1,0.9848652115864885
6054,1,1,0.9868599896122207
7700,0,0,0.0032622333072314137
1049,0,0,0.08290249509159568
8611,0,0,0.050734327055609395
2051,0,1,0.9860618298589614
7292,0,0,0.00037304690466662544
6857,0,0,0.007727293237732368
8327,1,1,0.9940936935371982
3157,0,0,0.00035114347628393124
6062,1,1,0.961671080548031
5602,1,1,0.9551792593939318
5778,0,0,0.002449908494182679
3040,0,0,0.0002947617080459917
5840,1,1,0.9521082280754951
1960,0,0,0.014096938710672685
4041,0,0,0.0003867619844121731
5449,0,0,0.01532614722815743
4755,0,0,0.010399166245518076
6904,0,0,0.0002804276834579219
3778,1,1,0.9962931280272126
5287,0,0,0.02809087127752446
1554,0,0,0.0004343691137761071
4852,1,1,0.9963083438712983
1834,0,0,0.013892891320432981
6069,1,1,0.9976938126088806
8934,1,1,0.7516678240835534
5365,0,0,0.0003408178180583143
1961,1,1,0.7442148406121478
4975,0,0,0.002953943715462098
5181,0,0,0.0364153797139681
7628,0,0,0.0002804276834579219
6728,1,1,0.9994730656516047
8079,1,1,0.9986801910662056
8190,0,0,0.01134694168329709
7472,1,1,0.9951285622836035
8941,1,1,0.9936061626478699
4070,0,0,0.0016338703190503813
4529,0,0,0.0019526823455302072
8136,0,0,0.0050494566865051105
2593,1,1,0.997776179032123
407,1,0,0.001805946637206061
6785,1,1,0.99490438248682
7779,0,0,0.005560522117711004
6442,0,0,0.00014799271464084544
325,0,0,0.007248679722679892
8719,1,1,0.9803633506722983
1869,1,1,0.9984753758841525
6273,0,0,0.003096310260662145
7397,0,0,0.013603095184640856
5011,0,1,0.7146778512818734
8244,0,0,0.0006271549876235969
1228,0,0,0.00020075949228301747
383,0,0,0.0002804276834579219
6013,0,0,0.0006253300178085074
381,0,0,0.00020075949228301747
5472,0,0,0.0021914084825459218
8762,0,0,0.00020075949228301747
8334,1,1,0.9988394351143983
1495,0,0,0.006208752178112762
7645,0,0,0.00020075949228301747
7593,0,0,0.0002804276834579219
8931,0,0,0.012073839147433226
5811,0,0,0.012213227395969
6567,1,1,0.9943123247363098
7118,0,0,0.0007125720921423296
4866,0,0,0.010244060438942324
3270,1,1,0.9965347227024502
1788,1,1,0.9985537643801556
4851,1,1,0.9982491052467781
8917,0,0,0.00020075949228301747
1068,1,1,0.9992968614041426
4006,1,1,0.9919888729963635
6671,0,0,0.062464360344388715
5581,0,0,0.0003664888697735569
7837,1,1,0.9926203664684163
558,0,0,0.0009558364145142561
8300,0,0,0.029338515029298923
6147,1,1,0.9776554188481063
8525,0,0,0.00041611811809771964
6055,0,0,0.006281334571315956
2438,1,1,0.9973674261614452
4217,1,1,0.9996705942870608
3043,0,0,0.0003379947700989168
6897,0,0,0.005708576606850537
3655,1,1,0.99927230567324
7661,0,0,0.00020075949228301747
6455,0,0,0.02863360929232763
8625,1,1,0.9893403900791254
3471,1,1,0.9984665479283445
7375,0,0,0.0031022805632275325
2595,0,0,0.012717610066971892
2231,1,1,0.7603330657462165
5663,0,0,0.005448085771984339
7638,0,0,0.0003702083448127942
3903,1,1,0.9981420592611275
8627,0,0,0.012203993638266223
7571,0,0,0.00027007908853596377
6985,0,0,0.0002804276834579219
8394,1,1,0.9978980773328358
7624,0,0,0.001064359621204563
5688,1,1,0.9786539618139063
6123,0,0,0.0005957065230508639
8515,1,1,0.9930103771146596
8586,0,0,0.0004171720370352077
4047,1,1,0.9981656445179541
2599,0,0,0.0002040930491641324
69,0,0,0.004434717457790422
7876,1,1,0.9978951381894768
5734,0,0,0.00800005160358858
4219,0,0,0.00022312500762279382
8496,0,0,0.02326867177301251
256,0,0,0.0024597508390468955
3590,1,1,0.9985211020320828
17,0,0,0.37824271743173415
55,0,0,0.0016326036838374284
5257,0,0,0.006184171501140964
4212,1,1,0.9980896398294428
8436,0,0,0.0002804276834579219
6447,0,0,0.0003474395037663484
7735,0,0,0.00021123678173906832
6875,0,0,0.0064359897400075965
3425,1,1,0.9967118285175282
5796,0,0,0.004434717457790422
87,0,0,0.0003263392478468004
5967,0,0,0.0001979513699038047
9130,1,1,0.9920347160098086
5437,0,0,0.0726913934249396
9121,0,0,0.0032702523257284863
5119,0,0,0.010269095419811313
3183,1,1,0.9988394351143983
9142,0,0,0.0485214015190071
1822,0,0,0.007032332513887079
727,1,1,0.9951860519954847
2416,0,0,0.000291068553387952
6206,0,0,0.006630625936094069
3391,0,0,0.0037771245026418806
4835,0,0,0.00020546825391187402
7626,0,0,0.0009428193734598343
8236,0,0,0.000378380573975843
2079,1,1,0.9903896043682523
2027,1,1,0.9739957929691075
5251,1,1,0.9963969382724969
9055,0,0,0.0038891384350917208
